txn_id,date,amount,reference_note,description
TXN-00001,2026-08-03,271673.29,TXN1101,Property write other wear.
TXN-00002,2026-08-05,112487.2,TXN1074,Wind see understand door.
TXN-00003,2026-08-01,290714.38,TXN1123,Who blue agent.
TXN-00004,2026-08-18,134051.13,TXN1273,Animal house out.
TXN-00005,2026-08-16,183576.55,TXN1254,Human role fine fine.
TXN-00006,2026-08-14,182059.55,TXN1220,Whose far that sound.
TXN-00007,2026-08-15,269934.42,TXN1094,Probably exist professional.
TXN-00008,2026-08-21,12557.31,TXN1320,Expect several evening.
TXN-00009,2026-08-21,33843.65,TXN1001,Agent every.
TXN-00010,2026-08-05,198095.37,TXN1086,Effort remember ability.
TXN-00011,2026-08-16,32442.65,TXN1480,Section senior trial.
TXN-00012,2026-08-07,249950.91,TXN1289,Poor worry follow wife firm.
TXN-00013,2026-08-14,207248.9,TXN1477,Always authority source onto provide.
TXN-00014,2026-08-08,31019.44,TXN1335,Ground attack.
TXN-00015,2026-08-07,251849.04,TXN1322,Us increase how hear.
TXN-00016,2026-08-01,21762.43,TXN1099,Sing despite.
TXN-00017,2026-08-09,248076.03,TXN1393,Budget window hour some fund.
TXN-00018,2026-08-09,48893.8,TXN1179,Report financial add.
TXN-00019,2026-08-07,294242.0,TXN1439,Rather type thousand show.
TXN-00020,2026-08-15,191552.44,TXN1469,Walk provide skill five.
TXN-00021,2026-08-15,253668.53,TXN1478,Look thank four.
TXN-00022,2026-08-15,270412.22,TXN1472,Trip none whose newspaper.
TXN-00023,2026-08-09,48179.75,TXN1202,Grow issue each.
TXN-00024,2026-08-02,229051.15,TXN1403,Simple herself start drug occur.
TXN-00025,2026-08-04,261220.31,TXN1071,Old challenge camera final.
TXN-00026,2026-08-20,244594.45,TXN1271,Parent increase democratic mention.
TXN-00027,2026-08-09,139057.11,TXN1119,Wear current.
TXN-00028,2026-08-23,155628.35,TXN1264,Ago upon stop environment Congress.
TXN-00029,2026-08-11,17621.0,TXN1138,Large admit family identify.
TXN-00030,2026-08-03,234479.3,TXN1319,Represent middle.
TXN-00031,2026-08-25,156629.29,TXN1278,Job least.
TXN-00032,2026-08-06,24151.02,TXN1465,Year doctor trouble office.
TXN-00033,2026-08-21,206442.91,TXN1260,Billion medical choice lot.
TXN-00034,2026-08-11,187166.19,TXN1451,Must art.
TXN-00035,2026-08-11,64181.65,TXN1046,Cell contain leg themselves.
TXN-00036,2026-08-16,2265.88,TXN1294,Oil west school American.
TXN-00037,2026-08-03,177833.31,TXN1334,After them analysis hit health.
TXN-00038,2026-08-01,269723.11,TXN1471,Support feeling remain.
TXN-00039,2026-08-19,283845.58,TXN1291,Goal avoid.
TXN-00040,2026-08-11,280444.52,TXN1149,Future whole education technology.
TXN-00041,2026-08-04,22441.59,TXN1157,Community avoid able.
TXN-00042,2026-08-01,179883.9,TXN1077,Soon ten specific environment.
TXN-00043,2026-08-17,296373.79,TXN1268,Information game have return.
TXN-00044,2026-08-22,195138.48,TXN1093,Parent focus kid put memory.
TXN-00045,2026-08-10,119998.19,TXN1092,Fight decision.
TXN-00046,2026-08-18,198730.46,TXN1133,Everything late.
TXN-00047,2026-08-21,128869.52,TXN1309,Side strong this also.
TXN-00048,2026-08-05,217144.09,TXN1105,Key require doctor.
TXN-00049,2026-08-14,10018.91,TXN1006,Recently future choice.
TXN-00050,2026-08-19,58733.35,TXN1257,Benefit school speech news.
TXN-00051,2026-08-25,157628.74,TXN1365,This assume huge response long.
TXN-00052,2026-08-18,229867.41,TXN1085,Job worker break tonight.
TXN-00053,2026-08-08,7587.5,TXN1208,Suddenly current his low.
TXN-00054,2026-08-01,204244.88,TXN1062,Just myself few.
TXN-00055,2026-08-13,270781.64,TXN1127,South someone not American mouth.
TXN-00056,2026-08-17,47651.1,TXN1140,Gas you nearly goal law.
TXN-00057,2026-08-13,209313.92,TXN1234,Wonder happen.
TXN-00058,2026-08-02,1561.93,TXN1177,Service data near until.
TXN-00059,2026-08-20,18538.98,TXN1382,Middle blood drop business.
TXN-00060,2026-08-24,46788.72,TXN1194,Light wide.
TXN-00061,2026-08-16,46861.65,TXN1134,Now property from management.
TXN-00062,2026-08-04,203171.5,TXN1004,Night respond.
TXN-00063,2026-08-13,83837.86,TXN1314,Doctor dream whole six.
TXN-00064,2026-08-01,156216.14,TXN1224,Pull public once state.
TXN-00065,2026-08-23,88921.61,TXN1483,Letter sort reveal seven.
TXN-00066,2026-08-11,188226.35,TXN1454,Hear through large true.
TXN-00067,2026-08-18,258303.52,TXN1061,These hard.
TXN-00068,2026-08-04,69333.39,TXN1459,Leave choice country.
TXN-00069,2026-08-26,196365.91,TXN1164,Buy read record wall.
TXN-00070,2026-08-09,150391.42,TXN1397,Five hotel pattern successful order.
TXN-00071,2026-08-04,169408.89,TXN1325,Serve light past.
TXN-00072,2026-08-05,150936.2,TXN1445,Back nor article natural.
TXN-00073,2026-08-26,235646.24,TXN1130,Itself safe whole.
TXN-00074,2026-08-17,142219.26,TXN1245,Message board mean war.
TXN-00075,2026-08-23,271226.61,TXN1183,During necessary himself two.
TXN-00076,2026-08-09,124939.36,TXN1427,Theory across nothing.
TXN-00077,2026-08-26,54427.04,TXN1464,Doctor describe tell argue.
TXN-00078,2026-08-07,201082.93,TXN1150,State husband.
TXN-00079,2026-08-08,259449.41,TXN1195,Perhaps however bag forget.
TXN-00080,2026-08-15,275902.72,TXN1305,Spend prove stock school.
TXN-00081,2026-08-13,203356.72,TXN1237,Skill during.
TXN-00082,2026-08-19,115199.77,TXN1440,Police wait happen.
TXN-00083,2026-08-05,45184.68,TXN1376,Prepare short indicate.
TXN-00084,2026-08-19,234899.29,TXN1337,Card good full poor.
TXN-00085,2026-08-24,243319.42,TXN1201,Animal someone.
TXN-00086,2026-08-21,295257.48,TXN1113,Right subject try wonder.
TXN-00087,2026-08-14,16734.12,TXN1415,Western bad under.
TXN-00088,2026-08-22,8617.06,TXN1308,Choice fast small.
TXN-00089,2026-08-03,219706.32,TXN1083,Condition while enter.
TXN-00090,2026-08-11,105867.25,TXN1360,Property remember nearly face.
TXN-00091,2026-08-19,299671.25,TXN1435,End dog.
TXN-00092,2026-08-12,173416.97,TXN1025,Quite boy.
TXN-00093,2026-08-23,85174.15,TXN1388,Our successful pull experience.
TXN-00094,2026-08-19,43363.76,TXN1468,Personal interview many.
TXN-00095,2026-08-13,256107.66,TXN1296,Specific study.
TXN-00096,2026-08-19,284111.36,TXN1082,Hundred wonder movie voice boy.
TXN-00097,2026-08-05,142331.54,TXN1324,Social case expert stop.
TXN-00098,2026-08-21,210546.83,TXN1010,Officer relate animal direction.
TXN-00099,2026-08-16,64517.32,TXN1126,Recent feeling.
TXN-00100,2026-08-21,18132.69,TXN1100,Let newspaper true building card.
TXN-00101,2026-08-26,94978.19,TXN1043,Great in tell approach.
TXN-00102,2026-08-03,173317.84,TXN1375,American tell ball we side.
TXN-00103,2026-08-04,138703.64,TXN1424,Discussion school sure also TV.
TXN-00104,2026-08-08,19675.76,TXN1096,Challenge animal worker.
TXN-00105,2026-08-22,239543.63,TXN1303,Financial prevent product can.
TXN-00106,2026-08-24,164066.63,TXN1298,Remain yard model.
TXN-00107,2026-08-19,143298.16,TXN1139,Fill ok list.
TXN-00108,2026-08-09,264155.83,TXN1351,Message seek civil all.
TXN-00109,2026-08-14,269397.95,TXN1052,Choice father why often.
TXN-00110,2026-08-09,114041.61,TXN1311,Story side speak.
TXN-00111,2026-08-14,265898.0,TXN1256,Before be.
TXN-00112,2026-08-01,284908.71,TXN1321,Challenge join watch develop later.
TXN-00113,2026-08-14,208255.27,TXN1409,Put test race sound.
TXN-00114,2026-08-04,137210.32,TXN1266,Not husband center.
TXN-00115,2026-08-14,248889.75,TXN1176,Approach million performance material.
TXN-00116,2026-08-20,46138.51,TXN1323,Yes heart agreement us.
TXN-00117,2026-08-20,130651.85,TXN1218,Customer skill theory.
TXN-00118,2026-08-02,92823.38,TXN1187,Land machine forward.
TXN-00119,2026-08-11,96253.02,TXN1282,Because such during open.
TXN-00120,2026-08-07,129251.5,TXN1241,Body term capital.
TXN-00121,2026-08-24,277383.94,TXN1198,Young section its.
TXN-00122,2026-08-20,200622.45,TXN1348,Coach know language risk.
TXN-00123,2026-08-18,99679.39,TXN1214,Pm per question.
TXN-00124,2026-08-14,292164.19,TXN1193,Treat address century that wide.
TXN-00125,2026-08-05,148850.93,TXN1444,Moment month.
TXN-00126,2026-08-25,254684.37,TXN1124,Office traditional heart.
TXN-00127,2026-08-08,42291.61,TXN1003,Beautiful instead ahead despite measure.
TXN-00128,2026-08-02,28143.39,TXN1175,Price my.
TXN-00129,2026-08-16,143874.91,TXN1372,Economy play.
TXN-00130,2026-08-15,250206.61,TXN1162,Step author coach.
TXN-00131,2026-08-22,276270.87,TXN1229,Doctor Mr.
TXN-00132,2026-08-16,64663.92,TXN1104,She miss phone.
TXN-00133,2026-08-18,67830.43,TXN1392,Mean share evidence writer.
TXN-00134,2026-08-02,72641.04,TXN1081,Ten whom evidence.
TXN-00135,2026-08-17,224014.62,TXN1430,Life cover both class.
TXN-00136,2026-08-05,126853.55,TXN1118,Difference attention whatever American.
TXN-00137,2026-08-18,26538.18,TXN1005,Information last everything thank serve.
TXN-00138,2026-08-03,69062.86,TXN1400,On someone rise read.
TXN-00139,2026-08-10,26011.68,TXN1377,Marriage phone.
TXN-00140,2026-08-10,122119.51,TXN1239,Debate democratic thank forget challenge.
TXN-00141,2026-08-12,181315.95,TXN1019,Enter east no.
TXN-00142,2026-08-23,60744.74,TXN1091,Past feeling nature.
TXN-00143,2026-08-26,5664.36,TXN1356,Material hit no.
TXN-00144,2026-08-14,161697.06,TXN1297,Mean common.
TXN-00145,2026-08-18,18756.79,TXN1137,Major serve real position.
TXN-00146,2026-08-01,122851.01,TXN1386,Market bed hotel.
TXN-00147,2026-08-15,54927.84,TXN1310,Then peace others child.
TXN-00148,2026-08-19,262972.1,TXN1045,Eat couple.
TXN-00149,2026-08-11,61477.4,TXN1172,Production hundred set.
TXN-00150,2026-08-06,114002.45,TXN1128,Attention positive actually information.
TXN-00151,2026-08-13,136875.71,TXN1438,Artist brother fill.
TXN-00152,2026-08-07,26141.08,TXN1353,Him note painting quickly.
TXN-00153,2026-08-02,212781.19,TXN1223,Enough buy.
TXN-00154,2026-08-12,100065.77,TXN1437,End growth.
TXN-00155,2026-08-04,88403.29,TXN1066,Reach table measure.
TXN-00156,2026-08-05,191541.96,TXN1370,Million fight class.
TXN-00157,2026-08-03,226856.76,TXN1055,Identify walk now.
TXN-00158,2026-08-16,6333.28,TXN1078,Him although.
TXN-00159,2026-08-13,108917.93,TXN1053,Article finish anyone live try.
TXN-00160,2026-08-02,166231.01,TXN1369,Item treat area.
TXN-00161,2026-08-11,83722.47,TXN1015,Clear here writer.
TXN-00162,2026-08-11,278740.99,TXN1154,Difficult mission late kind team.
TXN-00163,2026-08-11,21721.78,TXN1102,Partner rest measure store.
TXN-00164,2026-08-25,201848.33,TXN1402,Officer return on color pick.
TXN-00165,2026-08-19,83818.12,TXN1012,Everyone player half have.
TXN-00166,2026-08-15,23706.26,TXN1280,Identify policy face if whom.
TXN-00167,2026-08-08,113281.12,TXN1458,Pull name mother statement.
TXN-00168,2026-08-25,258201.95,TXN1261,Glass news.
TXN-00169,2026-08-13,39698.05,TXN1152,Chance none fight.
TXN-00170,2026-08-19,89113.78,TXN1482,Move grow end mention.
TXN-00171,2026-08-08,260011.86,TXN1029,That fear.
TXN-00172,2026-08-12,89934.49,TXN1295,Prepare focus little character artist.
TXN-00173,2026-08-14,289326.69,TXN1089,Finally impact I fast.
TXN-00174,2026-08-20,100888.88,TXN1249,Focus chance.
TXN-00175,2026-08-24,298629.1,TXN1132,Itself room environmental system.
TXN-00176,2026-08-24,149269.82,TXN1488,Shake major rich.
TXN-00177,2026-08-22,119043.82,TXN1484,Trial have including none.
TXN-00178,2026-08-18,38411.6,TXN1368,Campaign stop necessary onto.
TXN-00179,2026-08-16,255360.37,TXN1349,Past itself police social.
TXN-00180,2026-08-25,172919.26,TXN1293,Past medical.
TXN-00181,2026-08-04,246723.64,TXN1374,Walk child probably result painting.
TXN-00182,2026-08-13,177771.89,TXN1307,Game she court.
TXN-00183,2026-08-05,82068.29,TXN1170,Like impact.
TXN-00184,2026-08-26,185716.3,TXN1379,Father authority art keep.
TXN-00185,2026-08-26,161766.37,TXN1225,Board doctor agent this.
TXN-00186,2026-08-15,161100.31,TXN1021,Despite young meeting before.
TXN-00187,2026-08-14,199646.37,TXN1236,Begin deep police wife.
TXN-00188,2026-08-01,216871.93,TXN1448,Knowledge argue car indeed nor.
TXN-00189,2026-08-05,280011.18,TXN1159,Reflect law reach.
TXN-00190,2026-08-26,201137.19,TXN1200,Kitchen really.
TXN-00191,2026-08-08,205541.97,TXN1040,Arrive attack all form method.
TXN-00192,2026-08-06,237892.26,TXN1394,Sense current meeting matter.
TXN-00193,2026-08-13,24100.66,TXN1022,Technology check.
TXN-00194,2026-08-21,90349.13,TXN1153,Budget share paper.
TXN-00195,2026-08-20,12402.63,TXN1146,Network recently.
TXN-00196,2026-08-03,293406.36,TXN1084,Others generation.
TXN-00197,2026-08-12,174961.62,TXN1185,Various meet star executive.
TXN-00198,2026-08-06,223224.8,TXN1274,Daughter war.
TXN-00199,2026-08-25,70843.15,TXN1250,Every plan nature.
TXN-00200,2026-08-25,232911.97,TXN1041,Protect Democrat car.
TXN-00201,2026-08-17,261793.7,TXN1088,Perhaps professional by tonight.
TXN-00202,2026-08-01,257091.24,TXN1292,Later arm story baby.
TXN-00203,2026-08-26,122414.46,TXN1108,Letter artist strategy hope show.
TXN-00204,2026-08-01,176698.46,TXN1097,Sure authority increase picture create.
TXN-00205,2026-08-24,162056.0,TXN1317,Stage soon catch.
TXN-00206,2026-08-21,81389.68,TXN1343,Son join hundred.
TXN-00207,2026-08-07,95006.61,TXN1362,Soldier meeting building.
TXN-00208,2026-08-03,83236.1,TXN1431,Possible responsibility add front.
TXN-00209,2026-08-24,201353.24,TXN1227,Power bring animal.
TXN-00210,2026-08-23,91103.88,TXN1163,Organization station TV.
TXN-00211,2026-08-19,176343.32,TXN1401,Others enter.
TXN-00212,2026-08-21,291002.06,TXN1449,Left southern rich how staff.
TXN-00213,2026-08-13,29466.55,TXN1018,Defense material those poor.
TXN-00214,2026-08-08,83903.94,TXN1103,Knowledge city technology late seem.
TXN-00215,2026-08-04,216066.4,TXN1231,Onto risk those pressure.
TXN-00216,2026-08-19,74241.5,TXN1145,Add move ever.
TXN-00217,2026-08-24,73820.87,TXN1037,Sense ready require human public.
TXN-00218,2026-08-24,282108.8,TXN1226,Foreign particular positive play less.
TXN-00219,2026-08-10,75795.4,TXN1361,Surface Republican until.
TXN-00220,2026-08-16,73497.41,TXN1428,Up friend.
TXN-00221,2026-08-18,49955.52,TXN1087,Rather vote say culture issue.
TXN-00222,2026-08-13,135429.08,TXN1380,Less future century technology.
TXN-00223,2026-08-17,199324.22,TXN1248,Rather make travel available.
TXN-00224,2026-08-15,165728.29,TXN1180,Behavior yeah tree left.
TXN-00225,2026-08-18,122693.21,TXN1423,Traditional become.
TXN-00226,2026-08-21,132891.27,TXN1417,Usually receive case.
TXN-00227,2026-08-07,106770.08,TXN1350,Avoid point.
TXN-00228,2026-08-09,291580.49,TXN1069,Claim kind relationship.
TXN-00229,2026-08-25,39680.49,TXN1178,Thing machine ahead picture.
TXN-00230,2026-08-14,99598.98,TXN1287,Check service away week physical.
TXN-00231,2026-08-20,95530.74,TXN1269,Other third choose senior anyone.
TXN-00232,2026-08-05,115384.01,TXN1429,Writer myself management voice.
TXN-00233,2026-08-03,65982.07,TXN1007,Bill here grow gas.
TXN-00234,2026-08-14,100325.86,TXN1407,Night your long.
TXN-00235,2026-08-07,136682.45,TXN1312,Return analysis hair.
TXN-00236,2026-08-21,255947.39,TXN1173,Lawyer fire.
TXN-00237,2026-08-07,152012.47,TXN1158,Ready like allow explain.
TXN-00238,2026-08-04,233636.91,TXN1262,Several off.
TXN-00239,2026-08-03,132798.07,TXN1474,Two suggest.
TXN-00240,2026-08-14,7923.52,TXN1197,Pay doctor.
TXN-00241,2026-08-17,195627.09,TXN1404,Course kid.
TXN-00242,2026-08-16,290732.04,TXN1406,Their save artist catch.
TXN-00243,2026-08-14,106612.12,TXN1110,Local wall fear hope.
TXN-00244,2026-08-26,261461.25,TXN1207,Write federal while real.
TXN-00245,2026-08-14,179124.5,TXN1058,Capital population lead upon.
TXN-00246,2026-08-03,126057.86,TXN1147,Point sell bill.
TXN-00247,2026-08-11,280307.39,TXN1432,Nothing serious compare.
TXN-00248,2026-08-23,274072.34,TXN1442,Health reduce tree serious soon.
TXN-00249,2026-08-13,83753.09,TXN1030,Participant check several much.
TXN-00250,2026-08-15,36740.76,TXN1095,Friend stand seem pull different.
TXN-00251,2026-08-03,202726.16,TXN1143,Describe machine right.
TXN-00252,2026-08-25,22312.05,TXN1255,Hear check type.
TXN-00253,2026-08-10,131715.77,TXN1419,Appear including response.
TXN-00254,2026-08-10,295573.85,TXN1028,Will seven medical.
TXN-00255,2026-08-02,167443.04,TXN1265,Tv go consider.
TXN-00256,2026-08-24,102121.13,TXN1115,Term consider employee.
TXN-00257,2026-08-22,25896.26,TXN1247,Feeling poor all your suggest.
TXN-00258,2026-08-02,136720.36,TXN1411,Fear walk word side relate.
TXN-00259,2026-08-17,247565.7,TXN1413,Explain of myself.
TXN-00260,2026-08-05,153103.12,TXN1054,Church whether bag control organization.
TXN-00261,2026-08-14,168491.61,TXN1181,Positive child usually.
TXN-00262,2026-08-03,263841.44,TXN1160,Skin person product.
TXN-00263,2026-08-19,169785.46,TXN1148,Off light.
TXN-00264,2026-08-05,130928.4,TXN1342,Tend forward.
TXN-00265,2026-08-09,11958.03,TXN1217,Bed far section.
TXN-00266,2026-08-04,23035.54,TXN1182,Meeting event strong.
TXN-00267,2026-08-25,84097.94,TXN1211,Not rate.
TXN-00268,2026-08-08,52557.16,TXN1385,Couple city you level.
TXN-00269,2026-08-24,145517.48,TXN1364,Network hard sound necessary.
TXN-00270,2026-08-21,250316.07,TXN1031,Truth out major born guy.
TXN-00271,2026-08-19,111021.62,TXN1358,Experience trouble make but table.
TXN-00272,2026-08-22,257872.98,TXN1453,Important shoulder she.
TXN-00273,2026-08-23,87912.54,TXN1426,Small control see the.
TXN-00274,2026-08-19,57428.59,TXN1222,Whose source hand so.
TXN-00275,2026-08-21,137926.13,TXN1048,Better present music address behavior.
TXN-00276,2026-08-09,20323.49,TXN1044,Art rock.
TXN-00277,2026-08-04,284303.26,TXN1383,Easy best face his.
TXN-00278,2026-08-21,21885.05,TXN1035,Campaign little near.
TXN-00279,2026-08-11,139763.96,TXN1243,Camera inside.
TXN-00280,2026-08-12,263677.2,TXN1079,Develop staff least figure.
TXN-00281,2026-08-25,168185.11,TXN1192,Them key.
TXN-00282,2026-08-10,127190.74,TXN1131,Pattern try simple.
TXN-00283,2026-08-23,46265.18,TXN1285,Create simply go when population.
TXN-00284,2026-08-04,158022.35,TXN1447,Break day on before.
TXN-00285,2026-08-12,85853.72,TXN1161,Interesting name positive.
TXN-00286,2026-08-09,42319.28,TXN1049,Coach magazine degree.
TXN-00287,2026-08-22,283585.47,TXN1410,Particular court east.
TXN-00288,2026-08-08,60272.06,TXN1205,Point least project together.
TXN-00289,2026-08-12,54242.74,TXN1367,Last quite.
TXN-00290,2026-08-02,273229.78,TXN1487,Material pressure range.
TXN-00291,2026-08-21,153067.0,TXN1212,Treat seat.
TXN-00292,2026-08-07,161117.58,TXN1117,Edge bank affect much.
TXN-00293,2026-08-25,245880.7,TXN1330,Artist student matter movie.
TXN-00294,2026-08-20,269394.5,TXN1299,City health executive impact full.
TXN-00295,2026-08-04,249872.19,TXN1366,Shoulder statement available win.
TXN-00296,2026-08-18,24633.01,TXN1283,Bad that second develop single.
TXN-00297,2026-08-14,198625.64,TXN1338,Wonder long consider care.
TXN-00298,2026-08-19,276397.16,TXN1395,Although require.
TXN-00299,2026-08-17,35135.91,TXN1221,While cell whom team.
TXN-00300,2026-08-13,73573.34,TXN1259,Test return why outside.
TXN-00301,2026-08-04,69333.39,TXN1460,Allow produce.
TXN-00302,2026-08-11,71986.44,TXN1151,Officer rather.
TXN-00303,2026-08-17,128308.86,TXN1272,Involve exist question main.
TXN-00304,2026-08-08,189532.72,TXN1456,Budget year hotel camera.
TXN-00305,2026-08-22,31524.16,TXN1167,Onto again share start office.
TXN-00306,2026-08-10,70730.83,TXN1281,Soon peace story.
TXN-00307,2026-08-08,113281.12,TXN1457,Strong series without.
TXN-00308,2026-08-17,24493.38,TXN1141,Edge building court.
TXN-00309,2026-08-21,267526.72,TXN1341,Already positive experience.
TXN-00310,2026-08-23,281028.05,TXN1034,Within mouth.
TXN-00311,2026-08-25,207203.98,TXN1363,Society door management.
TXN-00312,2026-08-01,200525.03,TXN1165,Music just our threat.
TXN-00313,2026-08-08,246629.88,TXN1042,Office drug list imagine behind.
TXN-00314,2026-08-15,114146.9,TXN1038,Just military building different.
TXN-00315,2026-08-03,179611.98,TXN1398,Stock mother remember feel.
TXN-00316,2026-08-07,44632.51,TXN1252,Between reduce table prepare.
TXN-00317,2026-08-26,280133.7,TXN1391,Anything no guy eye.
TXN-00318,2026-08-24,236035.24,TXN1219,Most tree store either.
TXN-00319,2026-08-15,105222.7,TXN1206,Top quality citizen kid.
TXN-00320,2026-08-26,220920.45,TXN1246,Road training.
TXN-00321,2026-08-03,206371.78,TXN1389,Suggest issue.
TXN-00322,2026-08-07,287185.32,TXN1016,Detail food shoulder argue start.
TXN-00323,2026-08-18,38622.7,TXN1235,Art every why we.
TXN-00324,2026-08-05,134240.94,TXN1436,West few reveal.
TXN-00325,2026-08-26,139660.65,TXN1267,Begin most.
TXN-00326,2026-08-10,248906.7,TXN1023,Society instead as.
TXN-00327,2026-08-14,76055.32,TXN1315,Happy water worker.
TXN-00328,2026-08-13,296529.99,TXN1443,Seven quite other.
TXN-00329,2026-08-23,115501.55,TXN1258,What no prove improve them.
TXN-00330,2026-08-10,152383.19,TXN1232,Past voice evidence real.
TXN-00331,2026-08-21,24554.44,TXN1452,Worry line.
TXN-00332,2026-08-24,49930.9,TXN1304,Finally heavy.
TXN-00333,2026-08-08,53178.06,TXN1263,Suddenly window stand party.
TXN-00334,2026-08-15,206759.06,TXN1396,Mind chance throw cause.
TXN-00335,2026-08-20,94517.74,TXN1230,Law provide sea watch.
TXN-00336,2026-08-15,202850.36,TXN1244,Second live.
TXN-00337,2026-08-07,299812.38,TXN1479,Deep couple.
TXN-00338,2026-08-01,169995.74,TXN1485,Scientist administration network.
TXN-00339,2026-08-25,267482.06,TXN1270,Evening product.
TXN-00340,2026-08-09,53981.06,TXN1216,Small almost half.
TXN-00341,2026-08-22,164206.14,TXN1473,Home effort form.
TXN-00342,2026-08-22,68755.53,TXN1027,West then.
TXN-00343,2026-08-13,186103.26,TXN1466,Our pull fly few century.
TXN-00344,2026-08-16,193947.92,TXN1355,Fire everything whether ago.
TXN-00345,2026-08-18,60051.88,TXN1009,Bad fall pick those.
TXN-00346,2026-08-18,90163.94,TXN1166,Page ago director purpose.
TXN-00347,2026-08-13,101170.8,TXN1302,Four old center.
TXN-00348,2026-08-21,299785.1,TXN1122,Cold parent security boy.
TXN-00349,2026-08-26,237478.7,TXN1390,Road shake hand.
TXN-00350,2026-08-08,149551.34,TXN1467,Determine feel article we they.
TXN-00351,2026-08-24,262817.96,TXN1068,Stop analysis four capital.
TXN-00352,2026-08-06,209592.75,TXN1014,Participant commercial.
TXN-00353,2026-08-21,102698.74,TXN1339,Already cut social though.
TXN-00354,2026-08-06,237727.77,TXN1057,Daughter respond draw.
TXN-00355,2026-08-18,226701.93,TXN1090,Court professor here.
TXN-00356,2026-08-13,79928.32,TXN1129,Black whether player stock.
TXN-00357,2026-08-12,186978.84,TXN1416,Section degree still.
TXN-00358,2026-08-06,136390.25,TXN1067,Town suffer begin.
TXN-00359,2026-08-06,162044.02,TXN1075,Wish specific thing.
TXN-00360,2026-08-13,171790.85,TXN1481,Region however dream focus executive.
TXN-00361,2026-08-24,82871.28,TXN1002,Cause bill scientist.
TXN-00362,2026-08-18,229450.81,TXN1378,Politics few each.
TXN-00363,2026-08-25,276769.01,TXN1076,Conference under.
TXN-00364,2026-08-04,222853.8,TXN1169,Young job sport.
TXN-00365,2026-08-16,234566.82,TXN1450,Official and general.
TXN-00366,2026-08-14,140373.89,TXN1111,Mrs same son today.
TXN-00367,2026-08-22,260875.56,TXN1414,Stand west source fact.
TXN-00368,2026-08-08,235493.52,TXN1107,Relationship ask imagine.
TXN-00369,2026-08-05,69762.81,TXN1284,Member box.
TXN-00370,2026-08-21,51756.03,TXN1036,Month parent who.
TXN-00371,2026-08-19,173075.39,TXN1106,Floor music catch discuss.
TXN-00372,2026-08-13,271499.12,TXN1290,Attention kind field ever.
TXN-00373,2026-08-25,192468.06,TXN1065,Evening painting response.
TXN-00374,2026-08-06,122221.01,TXN1125,Away real physical.
TXN-00375,2026-08-20,63583.58,TXN1171,Prove tax form really.
TXN-00376,2026-08-23,21331.77,TXN1026,Seem shoulder future fall citizen.
TXN-00377,2026-08-14,66521.97,TXN1011,World talk term.
TXN-00378,2026-08-20,160470.03,TXN1306,Behavior provide meet adult final.
TXN-00379,2026-08-06,181964.86,TXN1328,Simply down.
TXN-00380,2026-08-24,215647.99,TXN1329,Answer information soldier.
TXN-00381,2026-08-04,29530.78,TXN1109,Task she.
TXN-00382,2026-08-16,32108.89,TXN1340,Value middle writer myself.
TXN-00383,2026-08-15,76970.35,TXN1470,Impact feel contain Mrs.
TXN-00384,2026-08-20,239894.46,TXN1421,Within citizen present thing little.
TXN-00385,2026-08-04,204672.26,TXN1063,Account stage federal professional voice.
TXN-00386,2026-08-08,176737.81,TXN1098,Manager during prevent accept.
TXN-00387,2026-08-06,21022.14,TXN1142,Sea week real.
TXN-00388,2026-08-12,296301.68,TXN1475,Movie stop.
TXN-00389,2026-08-06,111369.2,TXN1032,Dream drive note.
TXN-00390,2026-08-18,11290.43,TXN1184,Second carry attorney significant take.
TXN-00391,2026-08-10,32875.58,TXN1331,Middle drop century investment pass.
TXN-00392,2026-08-21,72154.14,TXN1279,Television office.
TXN-00393,2026-08-26,13137.29,TXN1462,Land public.
TXN-00394,2026-08-09,166959.41,TXN1352,Question just call door population.
TXN-00395,2026-08-04,257391.06,TXN1408,Finish community treatment garden.
TXN-00396,2026-08-05,129221.12,TXN1186,Study oil process.
TXN-00397,2026-08-21,249726.88,TXN1425,Think compare try young.
TXN-00398,2026-08-24,97035.31,TXN1399,Happy purpose.
TXN-00399,2026-08-12,129673.57,TXN1228,Fight manage.
TXN-00400,2026-08-24,16724.27,TXN1112,Detail job ahead from.
TXN-00401,2026-08-16,36867.11,TXN1420,Race case.
TXN-00402,2026-08-16,166775.28,TXN1354,Head several off morning.
TXN-00403,2026-08-11,31111.98,TXN1017,Husband at tree note.
TXN-00404,2026-08-08,121430.78,TXN1144,Others wonder strategy fast guess.
TXN-00405,2026-08-07,119840.56,TXN1209,High grow fast.
TXN-00406,2026-08-03,141356.9,TXN1316,Show sing me industry.
TXN-00407,2026-08-10,67779.88,TXN1251,Herself our far measure.
TXN-00408,2026-08-09,224230.64,TXN1051,Expect recent room situation.
TXN-00409,2026-08-22,180323.28,TXN1336,Run pick sign.
TXN-00410,2026-08-22,294354.33,TXN1213,Simply discover soon.
TXN-00411,2026-08-26,92600.48,TXN1080,Development process huge.
TXN-00412,2026-08-02,76117.28,TXN1373,Ever person pass behavior political.
TXN-00413,2026-08-07,80483.34,TXN1418,Scientist dream anything toward difficult.
TXN-00414,2026-08-14,145949.78,TXN1301,Exist rich prevent trade.
TXN-00415,2026-08-01,35044.85,TXN1215,Pick tough position.
TXN-00416,2026-08-21,83554.75,TXN1277,Next property government however.
TXN-00417,2026-08-13,207690.25,TXN1357,Simple region Democrat.
TXN-00418,2026-08-19,297014.36,TXN1381,Safe team wish candidate.
TXN-00419,2026-08-18,232505.11,TXN1344,Thus hit wind many.
TXN-00420,2026-08-07,204778.97,TXN1190,History professional star wonder.
TXN-00421,2026-08-14,169995.45,TXN1463,Each analysis.
TXN-00422,2026-08-26,279279.36,TXN1199,Set region.
TXN-00423,2026-08-25,54006.24,TXN1070,Act away third tough nation.
TXN-00424,2026-08-25,74548.3,TXN1276,Section compare herself region.
TXN-00425,2026-08-18,29823.66,TXN1121,Prove nor design record.
TXN-00426,2026-08-24,168629.76,TXN1050,Total clearly able hospital.
TXN-00427,2026-08-09,246254.57,TXN1433,Still middle beautiful protect.
TXN-00428,2026-08-02,73830.34,TXN1253,Result Democrat later direction fund.
TXN-00429,2026-08-20,299537.11,TXN1156,Personal enough ball.
TXN-00430,2026-08-26,13513.41,TXN1020,Section investment on.
TXN-00431,2026-08-20,265692.8,TXN1024,Other life edge network.
TXN-00432,2026-08-10,252579.97,TXN1072,Together decide.
TXN-00433,2026-08-15,158969.75,TXN1060,You available defense enter value.
TXN-00434,2026-08-09,259373.71,TXN1210,Against stop how.
TXN-00435,2026-08-13,119298.01,TXN1333,Window attack moment medical write.
TXN-00436,2026-08-03,3289.98,TXN1155,Figure perform participant science.
TXN-00437,2026-08-12,127938.39,TXN1359,Common require young specific.
TXN-00438,2026-08-06,184846.72,TXN1238,Skin day stop.
TXN-00439,2026-08-18,11251.78,TXN1455,Heart radio product much.
TXN-00440,2026-08-07,139777.68,TXN1326,Affect democratic.
TXN-00441,2026-08-07,201217.46,TXN1033,Beat magazine.
TXN-00442,2026-08-01,278701.71,TXN1332,Number cost property.
TXN-00443,2026-08-04,18653.5,TXN1114,Agree hour north agree poor.
TXN-00444,2026-08-11,228488.3,TXN1313,Wide particular sell.
TXN-00445,2026-08-05,79707.54,TXN1168,Like prepare trouble.
TXN-00446,2026-08-15,125024.38,TXN1288,Senior service large under.
TXN-00447,2026-08-12,67654.54,TXN1318,Appear lose he.
TXN-00448,2026-08-01,227762.81,TXN1013,Prove reduce raise.
TXN-00449,2026-08-19,182195.14,TXN1242,So draw food company.
TXN-00450,2026-08-03,133217.66,TXN1120,Perform draw.
TXN-00451,2026-08-10,191862.14,TXN1476,Environmental purpose.
TXN-00452,2026-08-04,46275.98,TXN1056,Organization people information on mission.
TXN-00453,2026-08-22,31286.69,TXN1191,Who call whole forward.
TXN-00454,2026-08-09,230185.98,TXN1327,Nature road month.
TXN-00455,2026-08-06,93569.67,TXN1422,Sense expert experience.
TXN-00456,2026-08-26,243326.13,TXN1196,Here first responsibility service their.
TXN-00457,2026-08-16,66216.78,TXN1300,Appear piece free form newspaper.
TXN-00458,2026-08-10,65701.42,TXN1135,Consider deep something future.
TXN-00459,2026-08-26,13137.29,TXN1461,She this administration deal beyond.
TXN-00460,2026-08-07,79761.51,TXN1384,Industry while total spend value.
TXN-00461,2026-08-24,177946.15,TXN1345,Happen something entire bar.
TXN-00462,2026-08-02,269727.93,TXN1189,Do simply analysis seat.
TXN-00463,2026-08-22,122813.68,TXN1233,Kitchen wear talk.
TXN-00464,2026-08-18,225387.9,TXN1064,Enough threat score.
TXN-00465,2026-08-16,135295.89,TXN1275,Share face build.
TXN-00466,2026-08-02,173964.5,TXN1136,Red everybody act way beat.
TXN-00467,2026-08-17,180804.61,TXN1008,Southern role movie.
TXN-00468,2026-08-23,32874.64,TXN1203,Not society color bad.
TXN-00469,2026-08-06,299085.17,TXN1405,Charge real improve simple.
TXN-00470,2026-08-16,118991.75,TXN1047,Kitchen technology.
TXN-00471,2026-08-26,291672.78,TXN1188,Help usually thank wonder draw.
TXN-00472,2026-08-07,19736.54,TXN1286,Door chair culture.
TXN-00473,2026-08-22,233604.33,TXN1486,Often individual charge form here.
TXN-00474,2026-08-24,89917.48,TXN1434,Word local very.
TXN-00475,2026-08-02,257648.68,TXN1204,People drive tree central.
TXN-00476,2026-08-08,249303.94,TXN1346,Bad own state nation.
TXN-00477,2026-08-04,261879.56,TXN1371,Generation wait thus.
TXN-00478,2026-08-15,73537.1,TXN1347,Bill foreign fast knowledge.
TXN-00479,2026-08-02,95793.81,TXN1441,Despite card check.
TXN-00480,2026-08-04,74972.57,TXN1116,Deep force seven here.
TXN-00481,2026-08-16,87732.16,TXN1387,Whom Democrat good anything.
TXN-00482,2026-08-17,182886.58,TXN1073,Project government nice.
TXN-00483,2026-08-21,206604.51,TXN1039,Again network open according.
TXN-00484,2026-08-01,91510.55,TXN1240,Able teach certain candidate economy.
TXN-00485,2026-08-13,114794.98,TXN1059,Act perform.
TXN-00486,2026-08-09,97320.5,TXN1412,First give value somebody.
TXN-00487,2026-08-17,146815.29,TXN1174,Break significant ten stay.
TXN-00488,2026-08-11,260975.24,TXN1446,Dark Mr clearly take.
